<?xml version="1.0" encoding="utf-8"?>

<beans xmlns="http://www.springframework.org/schema/beans" xmlns:xsi="http://www.w3.org/2001/XMLSchema-instance" xmlns:module="http://www.sgcc.com.cn/schema/platform/module" xsi:schemaLocation="http://www.springframework.org/schema/beans http://www.springframework.org/schema/beans/spring-beans.xsd  http://www.sgcc.com.cn/schema/platform/module http://www.sgcc.com.cn/schema/platform/module/module.xsd">  
  <!--JDBC DataSource Example-->   
  <!-- <bean id="dataSource" name="dataSource" class="org.apache.commons.dbcp.BasicDataSource" destroy-method="close">
    <property name="driverClassName" value="com.mysql.jdbc.Driver"/>
    <property name="url" value="jdbc:mysql://192.168.1.201:3306/database"/>
    <property name="username" value="root"/>
    <property name="password" value="root"/>
    <property name="maxActive" value="100"/>
    <property name="maxIdle" value="30"/>
    <property name="maxWait" value="5000"/>
    <property name="defaultAutoCommit" value="true"/>
    <property name="removeAbandoned" value="true"/>
    <property name="removeAbandonedTimeout" value="60"/>
    <property name="logAbandoned" value="true"/>
  </bean> -->
</beans>
